position,value
5,-0.7200855607188968
10,0.433026189953598
15,0.44513761283034786
20,-1.977728280657907
25,1.6726222133078277
30,-0.26731718867356863
35,0.1950132792330928
40,0.6602315512263132
45,-0.21269763871051175
50,-0.02590533681618617
55,0.20358079732747866
60,-0.23218225594409092
65,-0.5292960809994882
70,0.319356421091224
75,2.467651056434603
80,1.9850845914257311
85,-2.131712108481604
90,1.1077082347826497
95,0.9182691514794155
100,0.11747566102663819
105,-0.4001383519857285
110,0.29294072483196687
115,-0.3488819182174932
120,-0.5731133615595897
125,0.3462331153511832
130,-0.22994664377472285
135,-0.22179313639949394
140,-0.2876294136505807
145,1.6144079741454649
